cluster,mean,rate,variance,n_neurons
0,-0.053354897,0.012557603686635945,0.00071331544,217
1,0.19649316,0.8423846153846154,0.009911714,39
