cluster,mean,sparsity,variance,n_neurons
0,0.10160191,0.4372,0.0023283504,15
1,0.010170105,0.006343003412969284,0.0005009456,586
2,-0.045754783,0.004801418439716312,0.0012875407,423
