cluster,mean,sparsity,variance,n_neurons
0,-0.044092704,0.006301369863013698,0.0013045461,438
1,0.01269973,0.0162901023890785,0.00051487685,586
