{
  "cluster_magnitudes": {
    "0": {
      "mean": 12.926412773132324,
      "std": 5.446736003377811
    },
    "1": {
      "mean": 1.3617791950702667,
      "std": 0.5641345567050231
    },
    "2": {
      "mean": 2.091418406367302,
      "std": 0.8056762220339015
    }
  },
  "cluster_percentages": {
    "0": {
      "mean": 78.36785643521597,
      "std": 4.397315110494557
    },
    "1": {
      "mean": 8.508953655908499,
      "std": 1.815208023974836
    },
    "2": {
      "mean": 13.123189908875528,
      "std": 2.665072268151601
    }
  },
  "cluster_sparsity": {
    "0": {
      "mean": 0.5258583120748299,
      "std": 0.056659115193775964
    },
    "1": {
      "mean": 0.5387353183460883,
      "std": 0.06083402405380688
    },
    "2": {
      "mean": 0.5388655266794218,
      "std": 0.06264394380102714
    }
  },
  "reconstruction_errors": {
    "mean": 8.968672844389403e-07,
    "std": 3.762740978212775e-07
  },
  "cluster_independence": {
    "mean": 0.22774472872564394,
    "std": 0.016285586119838213
  }
}