{
  "cluster_magnitudes": {
    "0": 10.393973350524902,
    "1": 0.6972358226776123,
    "2": 1.2167251110076904
  },
  "cluster_percentages": {
    "0": 84.44937314833803,
    "1": 5.664929683383938,
    "2": 9.885697168278043
  },
  "cluster_sparsity": {
    "0": 0.5599821960034014,
    "1": 0.5801046981292517,
    "2": 0.586289593962585
  },
  "reconstruction_error": 5.134394882588822e-07,
  "cluster_independence": 0.2372704801732195
}