{
  "cluster_magnitudes": {
    "0": 12.785770416259766,
    "1": 1.494859218597412,
    "2": 2.3843271732330322
  },
  "cluster_percentages": {
    "0": 76.72249357437731,
    "1": 8.970075565222672,
    "2": 14.307430860400016
  },
  "cluster_sparsity": {
    "0": 0.5503892963435374,
    "1": 0.5649978741496599,
    "2": 0.5683925914115646
  },
  "reconstruction_error": 8.265983524324838e-07,
  "cluster_independence": 0.21031114469610146
}