{
  "cluster_magnitudes": {
    "0": 14.971633911132812,
    "1": 2.400880813598633,
    "2": 3.4903182983398438
  },
  "cluster_percentages": {
    "0": 71.76222852656848,
    "1": 11.507932843749478,
    "2": 16.72983862968205
  },
  "cluster_sparsity": {
    "0": 0.528851775085034,
    "1": 0.6097138073979591,
    "2": 0.5916706526360545
  },
  "reconstruction_error": 1.1618521966738626e-06,
  "cluster_independence": 0.22498345707452652
}