{
  "cluster_magnitudes": {
    "0": 7.3597540855407715,
    "1": 0.7911964654922485,
    "2": 1.3247685432434082
  },
  "cluster_percentages": {
    "0": 77.66961021445061,
    "1": 8.34972478205006,
    "2": 13.980665003499329
  },
  "cluster_sparsity": {
    "0": 0.47350659013605445,
    "1": 0.5025377338435374,
    "2": 0.49688430059523814
  },
  "reconstruction_error": 7.035099542918033e-07,
  "cluster_independence": 0.22354234856734476
}