{
  "cluster_magnitudes": {
    "0": 4.750185966491699,
    "1": 0.557944118976593,
    "2": 0.8826363682746887
  },
  "cluster_percentages": {
    "0": 76.73017552809965,
    "1": 9.012520875169763,
    "2": 14.257303596730589
  },
  "cluster_sparsity": {
    "0": 0.5230256164965986,
    "1": 0.539593962585034,
    "2": 0.5320139774659864
  },
  "reconstruction_error": 3.841126101633563e-07,
  "cluster_independence": 0.225451818035899
}