{
  "cluster_magnitudes": {
    "0": 11.231884002685547,
    "1": 1.1830488443374634,
    "2": 1.705402135848999
  },
  "cluster_percentages": {
    "0": 79.5440335962981,
    "1": 8.378334124314357,
    "2": 12.077632279387528
  },
  "cluster_sparsity": {
    "0": 0.5109215561224489,
    "1": 0.5160435267857143,
    "2": 0.5158641581632653
  },
  "reconstruction_error": 7.520824851781072e-07,
  "cluster_independence": 0.21408631465412456
}