{
  "cluster_magnitudes": {
    "0": 11.072677612304688,
    "1": 1.083642601966858,
    "2": 1.6994383335113525
  },
  "cluster_percentages": {
    "0": 79.91390420177653,
    "1": 7.8208825466308,
    "2": 12.265213251592673
  },
  "cluster_sparsity": {
    "0": 0.4878295068027211,
    "1": 0.5081513073979591,
    "2": 0.49806016156462585
  },
  "reconstruction_error": 9.821280855248915e-07,
  "cluster_independence": 0.23389789600845357
}