{
  "cluster_magnitudes": {
    "0": 16.676145553588867,
    "1": 1.12028169631958,
    "2": 1.7532708644866943
  },
  "cluster_percentages": {
    "0": 85.3012944548214,
    "1": 5.730429645328776,
    "2": 8.96827589984982
  },
  "cluster_sparsity": {
    "0": 0.4371146896258503,
    "1": 0.4246585352891157,
    "2": 0.42565502763605445
  },
  "reconstruction_error": 1.3391506854532054e-06,
  "cluster_independence": 0.20156077242208403
}