{
  "cluster_magnitudes": {
    "0": 7.120043754577637,
    "1": 0.9537937641143799,
    "2": 1.4607166051864624
  },
  "cluster_percentages": {
    "0": 74.6762109907803,
    "1": 10.003548689557329,
    "2": 15.320240319662373
  },
  "cluster_sparsity": {
    "0": 0.5489078443877551,
    "1": 0.5872860863095238,
    "2": 0.5953776041666667
  },
  "reconstruction_error": 4.90055242607923e-07,
  "cluster_independence": 0.23099837823807748
}