{
  "cluster_magnitudes": {
    "0": 6.597075939178467,
    "1": 0.8149015307426453,
    "2": 1.2988654375076294
  },
  "cluster_percentages": {
    "0": 75.73407085039243,
    "1": 9.35502498900175,
    "2": 14.910904160605822
  },
  "cluster_sparsity": {
    "0": 0.5263007546768708,
    "1": 0.5262210352891157,
    "2": 0.5271643813775511
  },
  "reconstruction_error": 4.6497001449097297e-07,
  "cluster_independence": 0.22750618138344383
}