{
  "cluster_magnitudes": {
    "0": 24.830488204956055,
    "1": 1.4286534786224365,
    "2": 2.871302366256714
  },
  "cluster_percentages": {
    "0": 85.23896224333912,
    "1": 4.9043312768537035,
    "2": 9.856706479807187
  },
  "cluster_sparsity": {
    "0": 0.43823740433673475,
    "1": 0.43229166666666663,
    "2": 0.43726748511904767
  },
  "reconstruction_error": 1.879877231658611e-06,
  "cluster_independence": 0.19010126166468178
}