{
  "cluster_magnitudes": {
    "0": 15.109687805175781,
    "1": 1.2877380847930908,
    "2": 1.949023962020874
  },
  "cluster_percentages": {
    "0": 82.35755651405809,
    "1": 7.019004195263589,
    "2": 10.623439290678323
  },
  "cluster_sparsity": {
    "0": 0.5412481398809523,
    "1": 0.535421981292517,
    "2": 0.542703018707483
  },
  "reconstruction_error": 9.59363887886866e-07,
  "cluster_independence": 0.22654394241675527
}