{
  "cluster_magnitudes": {
    "0": 16.92875099182129,
    "1": 2.3258354663848877,
    "2": 3.3092730045318604
  },
  "cluster_percentages": {
    "0": 75.0259547564433,
    "1": 10.30779096202834,
    "2": 14.666254281528365
  },
  "cluster_sparsity": {
    "0": 0.5452341092687074,
    "1": 0.5766236181972789,
    "2": 0.5727372980442177
  },
  "reconstruction_error": 1.1895319858012954e-06,
  "cluster_independence": 0.2634652245562848
}