{
  "cluster_magnitudes": {
    "0": 24.621503829956055,
    "1": 2.562706232070923,
    "2": 3.4709339141845703
  },
  "cluster_percentages": {
    "0": 80.31769105068432,
    "1": 8.359791864163443,
    "2": 11.32251708515224
  },
  "cluster_sparsity": {
    "0": 0.6742001488095238,
    "1": 0.6458931228741497,
    "2": 0.6459064094387755
  },
  "reconstruction_error": 1.3019273410463938e-06,
  "cluster_independence": 0.24095351286358024
}