{
  "cluster_magnitudes": {
    "0": 19.415979385375977,
    "1": 1.9493564367294312,
    "2": 2.8143019676208496
  },
  "cluster_percentages": {
    "0": 80.29888435146732,
    "1": 8.061975343392852,
    "2": 11.639140305139826
  },
  "cluster_sparsity": {
    "0": 0.5413145727040816,
    "1": 0.514389349489796,
    "2": 0.5235969387755102
  },
  "reconstruction_error": 1.2024048601233517e-06,
  "cluster_independence": 0.2385884623806889
}