{
  "cluster_magnitudes": {
    "0": 11.21798038482666,
    "1": 1.9271371364593506,
    "2": 3.3266289234161377
  },
  "cluster_percentages": {
    "0": 68.10437753207844,
    "1": 11.699652753452751,
    "2": 20.195969714468802
  },
  "cluster_sparsity": {
    "0": 0.5986062393707483,
    "1": 0.6259765625,
    "2": 0.6440197172619048
  },
  "reconstruction_error": 5.816316956952505e-07,
  "cluster_independence": 0.23250694376500705
}