{
  "cluster_magnitudes": {
    "0": 7.672110557556152,
    "1": 1.0730838775634766,
    "2": 1.5045236349105835
  },
  "cluster_percentages": {
    "0": 74.85191792727561,
    "1": 10.46939896523723,
    "2": 14.678683107487158
  },
  "cluster_sparsity": {
    "0": 0.5405970982142857,
    "1": 0.5499309098639455,
    "2": 0.5442841198979591
  },
  "reconstruction_error": 5.995686933601974e-07,
  "cluster_independence": 0.24781738933751765
}