{
  "cluster_magnitudes": {
    "0": 10.650671005249023,
    "1": 1.2586418390274048,
    "2": 1.7813069820404053
  },
  "cluster_percentages": {
    "0": 77.79538940067374,
    "1": 9.193461326038555,
    "2": 13.011149273287707
  },
  "cluster_sparsity": {
    "0": 0.4626913265306123,
    "1": 0.4900882227891157,
    "2": 0.48129251700680276
  },
  "reconstruction_error": 7.649111353202898e-07,
  "cluster_independence": 0.23156508315482172
}