{
  "cluster_magnitudes": {
    "0": 9.973782539367676,
    "1": 1.1397565603256226,
    "2": 1.786927580833435
  },
  "cluster_percentages": {
    "0": 77.31334676770345,
    "1": 8.835002551078917,
    "2": 13.851650681217635
  },
  "cluster_sparsity": {
    "0": 0.5822770514455782,
    "1": 0.6023862670068028,
    "2": 0.6089498299319728
  },
  "reconstruction_error": 5.932029125688132e-07,
  "cluster_independence": 0.24315608827426413
}