{
  "cluster_magnitudes": {
    "0": 15.14815616607666,
    "1": 1.1848899126052856,
    "2": 1.797676920890808
  },
  "cluster_percentages": {
    "0": 83.54965307469328,
    "1": 6.5352601362516385,
    "2": 9.915086789055074
  },
  "cluster_sparsity": {
    "0": 0.445930325255102,
    "1": 0.44239609906462585,
    "2": 0.43918075042517
  },
  "reconstruction_error": 1.2470268302422483e-06,
  "cluster_independence": 0.21058787484600308
}