cluster,mean,sparsity,variance,n_neurons
0,-0.038999077,0.00619679633867277,0.0006667925,874
1,0.13400279,0.642375,0.0028403262,48
2,-0.1302943,0.01022549019607843,0.0031382432,102
