cluster,mean,rate,variance,n_neurons
0,0.17250884,0.8172888888888888,0.019181147,45
1,-0.061471235,0.012490364025695932,0.0014831662,467
