cluster,mean,sparsity,variance,n_neurons
0,-0.05544858,0.006626168224299065,0.0007187249,214
1,0.24218321,0.7943076923076924,0.024564577,13
2,0.16561502,0.8218620689655173,0.0023517127,29
