cluster,mean,rate,variance,n_neurons
0,-0.061471235,0.012490364025695932,0.0014831662,467
1,-0.06399094,0.3633333333333333,0.18283255,3
2,0.18940167,0.8497142857142858,0.0074917595,42
