cluster,mean,sparsity,variance,n_neurons
0,-0.04892431,0.005718396711202466,0.00092193205,973
1,0.13059361,0.6221372549019608,0.002787711,51
